[{"model": "contenttypes.contenttype", "pk": 1, "fields": {"app_label": "admin", "model": "logentry"}}, {"model": "contenttypes.contenttype", "pk": 2, "fields": {"app_label": "auth", "model": "permission"}}, {"model": "contenttypes.contenttype", "pk": 3, "fields": {"app_label": "auth", "model": "group"}}, {"model": "contenttypes.contenttype", "pk": 4, "fields": {"app_label": "contenttypes", "model": "contenttype"}}, {"model": "contenttypes.contenttype", "pk": 5, "fields": {"app_label": "sessions", "model": "session"}}, {"model": "contenttypes.contenttype", "pk": 6, "fields": {"app_label": "accounts", "model": "useraccount"}}, {"model": "contenttypes.contenttype", "pk": 7, "fields": {"app_label": "store", "model": "category"}}, {"model": "contenttypes.contenttype", "pk": 8, "fields": {"app_label": "store", "model": "product"}}, {"model": "contenttypes.contenttype", "pk": 9, "fields": {"app_label": "store", "model": "tag"}}, {"model": "contenttypes.contenttype", "pk": 10, "fields": {"app_label": "store", "model": "wishlist"}}, {"model": "contenttypes.contenttype", "pk": 11, "fields": {"app_label": "store", "model": "rating"}}, {"model": "contenttypes.contenttype", "pk": 12, "fields": {"app_label": "store", "model": "orders"}}, {"model": "contenttypes.contenttype", "pk": 13, "fields": {"app_label": "store", "model": "orderitem"}}, {"model": "contenttypes.contenttype", "pk": 14, "fields": {"app_label": "store", "model": "cart"}}, {"model": "sessions.session", "pk": "ed8lli8ql84ekgkxwrvz5u1oupjh301q", "fields": {"session_data": "ZTZjNjdjNzdjOTM0ZmJlNmUwN2ZkZjE0MzI4N2Q0YjM5NTRmOGFlNDp7Il9hdXRoX3VzZXJfaWQiOiIxIiwiX2F1dGhfdXNlcl9iYWNrZW5kIjoiZGphbmdvLmNvbnRyaWIuYXV0aC5iYWNrZW5kcy5Nb2RlbEJhY2tlbmQiLCJfYXV0aF91c2VyX2hhc2giOiIzZTc1MjE5NzBkYTZjZDc2ZmJhN2QyNGVlY2ZjZmEwNTEzYWJjMzcxIn0=", "expire_date": "2021-07-23T18:34:21.893"}}, {"model": "sessions.session", "pk": "rdvus0e4mvpto5gsi5bm12zqyv7nw1s6", "fields": {"session_data": "ZTZjNjdjNzdjOTM0ZmJlNmUwN2ZkZjE0MzI4N2Q0YjM5NTRmOGFlNDp7Il9hdXRoX3VzZXJfaWQiOiIxIiwiX2F1dGhfdXNlcl9iYWNrZW5kIjoiZGphbmdvLmNvbnRyaWIuYXV0aC5iYWNrZW5kcy5Nb2RlbEJhY2tlbmQiLCJfYXV0aF91c2VyX2hhc2giOiIzZTc1MjE5NzBkYTZjZDc2ZmJhN2QyNGVlY2ZjZmEwNTEzYWJjMzcxIn0=", "expire_date": "2021-01-28T14:37:12.169"}}, {"model": "store.category", "pk": 1, "fields": {"name": "woman"}}, {"model": "store.category", "pk": 2, "fields": {"name": "man"}}, {"model": "store.category", "pk": 3, "fields": {"name": "kid"}}, {"model": "store.category", "pk": 4, "fields": {"name": "accessories"}}, {"model": "store.category", "pk": 5, "fields": {"name": "cosmetic"}}, {"model": "store.category", "pk": 6, "fields": {"name": "sale"}}, {"model": "store.product", "pk": 1, "fields": {"title": "Women Green & Silver Yoke-Design Straight Kurta", "description": "Green and silver yoke-design straight kurta with embroidered detail, has a square neck, three-quarter sleeves, straight hem, and side slits", "price": "899.00", "stock": 1000, "category": 1, "image": "g1.jpg", "tags": []}}, {"model": "store.product", "pk": 2, "fields": {"title": "Women Pink Embroidered Straight Kurta", "description": "Pink embroidered straight kurta with sequinned and lace detail, has a keyhole neck, three-quarter sleeves, straight hem, button closure, and side slits", "price": "1199.00", "stock": 1000, "category": 1, "image": "ezgif.com-gif-maker.jpg", "tags": []}}, {"model": "store.product", "pk": 3, "fields": {"title": "Women Taupe & Red Printed Maxi Dress", "description": "Taupe, red and golden printed woven maxi dress, has a keyhole neck with button closure, long sleeves, and flared hem", "price": "2740.00", "stock": 1000, "category": 1, "image": "g3.jpg", "tags": []}}, {"model": "store.product", "pk": 4, "fields": {"title": "Women Off-White & Blue Printed Straight Kurta", "description": "Off-white, blue and orange printed straight kurta, has a mandarin collar, three-quarter sleeves, straight hem, and side slits", "price": "899.00", "stock": 10000, "category": 1, "image": "g4.jpg", "tags": []}}, {"model": "store.product", "pk": 5, "fields": {"title": "Women Blue & Silver Printed Straight Kurta", "description": "Blue and Silver printed straight kurta, has a keyhole neck with button closure, three-quarter sleeves, straight hem, and side slits", "price": "1139.00", "stock": 1234, "category": 1, "image": "g5.jpg", "tags": []}}, {"model": "store.product", "pk": 6, "fields": {"title": "Women Off-White Embroidered Detail Straight Kurta", "description": "Off-white embroidered detail straight kurta, has a round neck, three-quarter sleeves, curved hem, and side slits", "price": "1079.00", "stock": 100, "category": 1, "image": "g6.jpg", "tags": []}}, {"model": "store.product", "pk": 7, "fields": {"title": "Women Blue & White Printed A-Line Kurta", "description": "Blue and white printed A-line kurta, has a mandarin collar, three-quarter sleeves, flared hem, and front slit", "price": "1499.00", "stock": 555, "category": 1, "image": "g7.jpg", "tags": []}}, {"model": "store.product", "pk": 8, "fields": {"title": "Women Off-White & Black Printed Straight Kurta", "description": "Off-white, black and red printed straight kurta, has a keyhole neck, three-quarter sleeves, straight hem, and side slits", "price": "849.00", "stock": 1000, "category": 1, "image": "g8.jpg", "tags": []}}, {"model": "store.product", "pk": 9, "fields": {"title": "Women Lavender & Golden Asymmetric Hemline Printed", "description": "Lavender, golden and maroon printed panelled A-line kurta, has a round neck, hook closure, three-quarter sleeves, asymmetric hem, and side slits", "price": "1099.00", "stock": 1000, "category": 1, "image": "g9.jpg", "tags": []}}, {"model": "store.product", "pk": 10, "fields": {"title": "Tommy Hilfiger Men Green Solid Polo Collar T-shirt", "description": "Green solid T-shirt, has a polo collar, and short sleeves", "price": "1679.00", "stock": 600, "category": 2, "image": "m1.jpg", "tags": []}}, {"model": "store.product", "pk": 11, "fields": {"title": "The Body Shop Women British Rose Body Sustainable", "description": "Women British Rose Body Mist", "price": "1295.00", "stock": 555, "category": 5, "image": "c1.jpg", "tags": []}}, {"model": "store.product", "pk": 12, "fields": {"title": "Roadster Men Black Multi Function Analogue and Dig", "description": "Display: Analogue and Digital\r\nMovement: Quartz\r\nPower source: Battery\r\nDial style: Solid round stainless steel dial\r\nFeatures: Multi Function, Stopwatch, Chronograph\r\nStrap style: Black regular, silicon strap with a tang closure\r\nWater resistance: Water Resistant\r\nComes in a signature Roadster case", "price": "1399.00", "stock": 500, "category": 4, "image": "a1.jpg", "tags": []}}, {"model": "store.product", "pk": 13, "fields": {"title": "GAP Boy's Navy Blue Logo Short Sleeve T-Shirt", "description": "Soft weave,Short sleeves,Crew neck,Logo at front", "price": "599.00", "stock": 599, "category": 3, "image": "k1.jpg", "tags": []}}, {"model": "store.product", "pk": 14, "fields": {"title": "Puma Men Olive Green Solid Rebel Full Zip FL Hoody", "description": "Product design details\r\nOlive green solid sweatshirt\r\nHas a hood\r\nLong sleeves\r\nRegular fit\r\nKangaroo pocket\r\nRib cuffs and hem\r\nPUMA Wordmark and Formstrips at left chest\r\nRebel branding at right sleeve", "price": "2399.00", "stock": 500, "category": 6, "image": "s1.jpg", "tags": []}}, {"model": "store.product", "pk": 15, "fields": {"title": "PERFKT-U Men Navy Blue Solid Insulator Padded Jac", "description": "Navy Blue solid jacket, has a mock collar, 2 pockets, zip closure, long sleeves, straight hem, and synthetic lining", "price": "1166.00", "stock": 66, "category": 2, "image": "m2.jpg", "tags": []}}, {"model": "store.product", "pk": 16, "fields": {"title": "Roadster Men Black Slim Fit Mid-Rise Clean Look St", "description": "Black dark wash 5-pocket mid-rise jeans, clean look with no fade, has a button and zip closure, waistband with belt loops", "price": "1049.00", "stock": 700, "category": 2, "image": "m3.jpg", "tags": []}}, {"model": "store.product", "pk": 17, "fields": {"title": "Moda Rapido Men Maroon Printed Round Neck T-shirt", "description": "Maroon and black printed T-shirt, has a round neck, long sleeves", "price": "400.00", "stock": 111, "category": 2, "image": "m4.jpg", "tags": []}}, {"model": "store.product", "pk": 18, "fields": {"title": "Dennis Lingo Men Pink Slim Fit Solid Casual Shirt", "description": "Pink solid casual shirt, has a spread collar, long sleeves, curved hem, one patch pocket", "price": "591.00", "stock": 9000, "category": 2, "image": "m5.jpg", "tags": []}}, {"model": "store.product", "pk": 19, "fields": {"title": "Bitiya by Bhama Off-White & Pink Ready to Wear Le", "description": "Off-white and pink ready to wear lehenga choli\r\nOff-white and pink ready to wear solid blouse, has shirt collar, three-quarter sleeves\r\nPink and gold-coloured ready to wear lehenga, flared hem", "price": "987.00", "stock": 9000, "category": 3, "image": "k2.jpg", "tags": []}}, {"model": "store.product", "pk": 20, "fields": {"title": "M.A.C Powder Kiss Lipstick- Velvet Punch", "description": "M.A.C Powder Kiss Lipstick", "price": "1700.00", "stock": 999, "category": 5, "image": "c2.jpg", "tags": []}}, {"model": "store.product", "pk": 21, "fields": {"title": "Calvin Klein Unisex One Eau De Toilette", "description": "Eau De Toilette Gift set\r\nOne EDT and One Travel Spray EDT", "price": "1000.00", "stock": 1000, "category": 5, "image": "c3.jpg", "tags": []}}, {"model": "store.product", "pk": 22, "fields": {"title": "MyGlamm Lit Creamy Matte Lipstick", "description": "MyGlamm Lit Creamy Matte Lipstick - Sangria\r\n\r\nSangria is a beautiful wine shade that enamours all skin tones. It is also PETA Approved cruelty-free and vegan.Play up those pouts with hues for every mood. With the LIT Creamy Matte Lipsticks by MyGlamm, we've got the best of both worlds a mad matte finish in an oh-so-creamy texture! You also get long-staying power and intense colour payoff - what else could a girl ask for? The controlled slimstick design ensures perfect precision with every swipe of colour - no smudges!", "price": "595.00", "stock": 1222, "category": 5, "image": "c4.jpg", "tags": []}}, {"model": "store.product", "pk": 23, "fields": {"title": "Maybelline New York Washable Volume", "description": "Washable Volume Express Colossal Mascara - Black", "price": "399.00", "stock": 999, "category": 5, "image": "c5.jpg", "tags": []}}, {"model": "store.product", "pk": 24, "fields": {"title": "Denver Men Set of Imperial Eua De", "description": "Eua De Parfum and Deodorant Body Spray Gift Pack", "price": "420.00", "stock": 1000, "category": 5, "image": "c6.jpg", "tags": []}}, {"model": "store.product", "pk": 25, "fields": {"title": "Bene Kleed", "description": "Off-White and blue printed casual shirt, has a spread collar, long sleeves, curved hem,", "price": "713.00", "stock": 1000, "category": 2, "image": "m6.jpg", "tags": []}}, {"model": "store.product", "pk": 26, "fields": {"title": "Fossil The Carlyle Smartwatch", "description": "Compatibility: Android OS 6.0+ (EXCLUDING GO EDITION), iOS 10.0+\r\nProcessor name: Qualcomm Snapdragon Wear 3100\r\nRam: 512 MB\r\nDisplay type: AMOLED\r\nCase Size: 41mm\r\nSensor: Accelerometer,\r\nAltimeter, Ambient Light, Gyroscope, Heart Rate, Microphone, NFC, Untethered GPS\r\nOther watch functions: Heart Rate Tracking / GPS / Google Pay /\r\nSwimproof / Notifications / Personalize Your Dial / Control Your Music / Interchangeable Watch Band / Built In Fitness Tracker\r\nSmart Assistant: Simple\r\ntouch or voice command\r\nBluetooth version: 4.2 Low Energy\r\nMicrophone: Built-in microphone\r\nWater resistance: 5 ATM\r\nWarranty: 2-year warranty against manufacturing defects", "price": "2200.00", "stock": 1000, "category": 4, "image": "a2.jpg", "tags": []}}, {"model": "store.product", "pk": 27, "fields": {"title": "NOISE Unisex Jet Black Shots BEAT", "description": "Features:\r\nColor: Jet Black\r\nConnectivity: True wireless\r\nMicrophone: Yes\r\nBalanced Sound: Enjoy clear balanced sound on the 9mm speaker drivers of the Noise Shots BEAT.\r\nPortable Music Every Time:Carry your music anywhere in the sleek and compact charging case.\r\nBluetooth v5.0: Equipped with Bluetooth v5.0, the Noise Shots BEAT Truly Wireless Earphones ensures lag-free conversations with no call drops up within a 10-meter radius\r\nWater Resistant: An IPX5 sweatproof rating ensures that the Noise Shots BEAT is resistant to sweat and light rain.", "price": "1999.00", "stock": 999, "category": 4, "image": "a3.jpg", "tags": []}}, {"model": "store.product", "pk": 29, "fields": {"title": "boAt Rockerz LuciousWireless Headphone", "description": "boAt Rockerz 450 is an on-ear wireless headset that has been ergonomically designed to meet the needs of music lovers.\r\nThe headphones come equipped with Bluetooth for instant wireless connectivity.\r\nIts powerful 300mAh battery provides a playtime of up to 8 hours for an extended audio bliss.\r\nIts 40mm dynamic drivers help supply immersive musical experience to the user with immersive sound.\r\nThe user can utilize the headset via dual connectivity in the form of Bluetooth and AUX.\r\nThe ergonomically styled on-ear headphone is equipped with adjustable comfortable earcups to provide that ultimate comfortable listening time\r\nBrand customer support Details\r\n022-4946-1882 / 91-22-4946-1882\r\ninfo@imaginemarketingindia.com\r\nsupport.boat-lifestyle.com", "price": "1499.00", "stock": 1000, "category": 4, "image": "a5.jpg", "tags": []}}, {"model": "store.product", "pk": 30, "fields": {"title": "Fossil Men Grey Chronograph Watch", "description": "Display: Analogue\r\nMovement: Quartz\r\nPower source: Battery\r\nDial style: Solid round stainless steel dial\r\nFeatures: Reset Time, Chronograph, Date Aperture\r\nStrap style: Gunmetal Toned bracelet style, stainless steel strap with a foldover closure\r\nWater resistance: 50 m\r\nWarranty: 2 years\r\nWarranty provided by brand/manufacturer\r\nComes in a signature Fossil case\r\nDisclaimer: The box may vary in design from the one shown in the images", "price": "3000.00", "stock": 999, "category": 4, "image": "a6.jpg", "tags": []}}, {"model": "store.product", "pk": 31, "fields": {"title": "pTron Unisex Bassbuds Wireless Headphone", "description": "Features\r\nEffortlessly manage audio playback & calls with the multi-function button panel and microphone on each earbud. The earbuds can even be used alone like a Bluetooth headset. Simply take the earbuds out of the charging case and they will automatically connect to your phone (after being paired the first time).\r\nTrue Wireless Stereo Earbuds with Mic\r\nBluetooth 5.0 Wireless Technology for Seamless Experience\r\nQuick Pairing & 10M Wireless Range", "price": "999.00", "stock": 1111, "category": 4, "image": "a6_9TjxpZY.jpg", "tags": []}}, {"model": "store.product", "pk": 32, "fields": {"title": "Loocust Boys Red T-shir", "description": "This clothing set consists of t-shirt and pyjamas\r\nRed printed disney spiderman printed t-shirt, has a round neck, long sleeves\r\nGrey printed pyjamas, has a drawstring closure", "price": "499.00", "stock": 999, "category": 3, "image": "k2_UwUrsYY.jpg", "tags": []}}, {"model": "store.orderitem", "pk": 1, "fields": {"order": 1, "qty": 1, "product": 10}}, {"model": "store.orderitem", "pk": 2, "fields": {"order": 2, "qty": 1, "product": 12}}, {"model": "store.orderitem", "pk": 3, "fields": {"order": 3, "qty": 2, "product": 2}}, {"model": "store.orderitem", "pk": 4, "fields": {"order": 4, "qty": 1, "product": 12}}, {"model": "store.orderitem", "pk": 5, "fields": {"order": 5, "qty": 1, "product": 12}}, {"model": "store.orderitem", "pk": 6, "fields": {"order": 6, "qty": 1, "product": 12}}, {"model": "store.orderitem", "pk": 7, "fields": {"order": 7, "qty": 1, "product": 2}}, {"model": "store.orderitem", "pk": 8, "fields": {"order": 8, "qty": 1, "product": 12}}, {"model": "store.orderitem", "pk": 9, "fields": {"order": 9, "qty": 1, "product": 12}}, {"model": "store.orderitem", "pk": 10, "fields": {"order": 10, "qty": 1, "product": 12}}, {"model": "store.orderitem", "pk": 11, "fields": {"order": 11, "qty": 1, "product": 2}}, {"model": "store.orderitem", "pk": 12, "fields": {"order": 12, "qty": 1, "product": 2}}, {"model": "store.orderitem", "pk": 13, "fields": {"order": 12, "qty": 1, "product": 12}}, {"model": "store.orderitem", "pk": 14, "fields": {"order": 13, "qty": 1, "product": 12}}, {"model": "store.orderitem", "pk": 15, "fields": {"order": 13, "qty": 1, "product": 2}}, {"model": "store.orderitem", "pk": 16, "fields": {"order": 14, "qty": 1, "product": 2}}, {"model": "store.orderitem", "pk": 17, "fields": {"order": 15, "qty": 2, "product": 2}}, {"model": "store.orderitem", "pk": 18, "fields": {"order": 16, "qty": 2, "product": 2}}, {"model": "store.orderitem", "pk": 19, "fields": {"order": 17, "qty": 4, "product": 2}}, {"model": "store.orderitem", "pk": 20, "fields": {"order": 18, "qty": 1, "product": 2}}, {"model": "store.orderitem", "pk": 21, "fields": {"order": 19, "qty": 1, "product": 10}}, {"model": "store.orderitem", "pk": 22, "fields": {"order": 20, "qty": 1, "product": 12}}, {"model": "store.orderitem", "pk": 23, "fields": {"order": 20, "qty": 1, "product": 10}}, {"model": "store.orderitem", "pk": 24, "fields": {"order": 21, "qty": 1, "product": 12}}, {"model": "store.orderitem", "pk": 25, "fields": {"order": 22, "qty": 1, "product": 4}}, {"model": "store.orderitem", "pk": 26, "fields": {"order": 23, "qty": 1, "product": 26}}, {"model": "store.orderitem", "pk": 27, "fields": {"order": 24, "qty": 1, "product": 2}}, {"model": "store.orderitem", "pk": 28, "fields": {"order": 25, "qty": 1, "product": 2}}, {"model": "store.orderitem", "pk": 29, "fields": {"order": 26, "qty": 1, "product": 3}}, {"model": "store.orderitem", "pk": 30, "fields": {"order": 27, "qty": 1, "product": 2}}, {"model": "store.orderitem", "pk": 31, "fields": {"order": 28, "qty": 11, "product": 9}}, {"model": "auth.permission", "pk": 1, "fields": {"name": "Can add log entry", "content_type": 1, "codename": "add_logentry"}}, {"model": "auth.permission", "pk": 2, "fields": {"name": "Can change log entry", "content_type": 1, "codename": "change_logentry"}}, {"model": "auth.permission", "pk": 3, "fields": {"name": "Can delete log entry", "content_type": 1, "codename": "delete_logentry"}}, {"model": "auth.permission", "pk": 4, "fields": {"name": "Can view log entry", "content_type": 1, "codename": "view_logentry"}}, {"model": "auth.permission", "pk": 5, "fields": {"name": "Can add permission", "content_type": 2, "codename": "add_permission"}}, {"model": "auth.permission", "pk": 6, "fields": {"name": "Can change permission", "content_type": 2, "codename": "change_permission"}}, {"model": "auth.permission", "pk": 7, "fields": {"name": "Can delete permission", "content_type": 2, "codename": "delete_permission"}}, {"model": "auth.permission", "pk": 8, "fields": {"name": "Can view permission", "content_type": 2, "codename": "view_permission"}}, {"model": "auth.permission", "pk": 9, "fields": {"name": "Can add group", "content_type": 3, "codename": "add_group"}}, {"model": "auth.permission", "pk": 10, "fields": {"name": "Can change group", "content_type": 3, "codename": "change_group"}}, {"model": "auth.permission", "pk": 11, "fields": {"name": "Can delete group", "content_type": 3, "codename": "delete_group"}}, {"model": "auth.permission", "pk": 12, "fields": {"name": "Can view group", "content_type": 3, "codename": "view_group"}}, {"model": "auth.permission", "pk": 13, "fields": {"name": "Can add content type", "content_type": 4, "codename": "add_contenttype"}}, {"model": "auth.permission", "pk": 14, "fields": {"name": "Can change content type", "content_type": 4, "codename": "change_contenttype"}}, {"model": "auth.permission", "pk": 15, "fields": {"name": "Can delete content type", "content_type": 4, "codename": "delete_contenttype"}}, {"model": "auth.permission", "pk": 16, "fields": {"name": "Can view content type", "content_type": 4, "codename": "view_contenttype"}}, {"model": "auth.permission", "pk": 17, "fields": {"name": "Can add session", "content_type": 5, "codename": "add_session"}}, {"model": "auth.permission", "pk": 18, "fields": {"name": "Can change session", "content_type": 5, "codename": "change_session"}}, {"model": "auth.permission", "pk": 19, "fields": {"name": "Can delete session", "content_type": 5, "codename": "delete_session"}}, {"model": "auth.permission", "pk": 20, "fields": {"name": "Can view session", "content_type": 5, "codename": "view_session"}}, {"model": "auth.permission", "pk": 21, "fields": {"name": "Can add user account", "content_type": 6, "codename": "add_useraccount"}}, {"model": "auth.permission", "pk": 22, "fields": {"name": "Can change user account", "content_type": 6, "codename": "change_useraccount"}}, {"model": "auth.permission", "pk": 23, "fields": {"name": "Can delete user account", "content_type": 6, "codename": "delete_useraccount"}}, {"model": "auth.permission", "pk": 24, "fields": {"name": "Can view user account", "content_type": 6, "codename": "view_useraccount"}}, {"model": "auth.permission", "pk": 25, "fields": {"name": "Can add category", "content_type": 7, "codename": "add_category"}}, {"model": "auth.permission", "pk": 26, "fields": {"name": "Can change category", "content_type": 7, "codename": "change_category"}}, {"model": "auth.permission", "pk": 27, "fields": {"name": "Can delete category", "content_type": 7, "codename": "delete_category"}}, {"model": "auth.permission", "pk": 28, "fields": {"name": "Can view category", "content_type": 7, "codename": "view_category"}}, {"model": "auth.permission", "pk": 29, "fields": {"name": "Can add product", "content_type": 8, "codename": "add_product"}}, {"model": "auth.permission", "pk": 30, "fields": {"name": "Can change product", "content_type": 8, "codename": "change_product"}}, {"model": "auth.permission", "pk": 31, "fields": {"name": "Can delete product", "content_type": 8, "codename": "delete_product"}}, {"model": "auth.permission", "pk": 32, "fields": {"name": "Can view product", "content_type": 8, "codename": "view_product"}}, {"model": "auth.permission", "pk": 33, "fields": {"name": "Can add tag", "content_type": 9, "codename": "add_tag"}}, {"model": "auth.permission", "pk": 34, "fields": {"name": "Can change tag", "content_type": 9, "codename": "change_tag"}}, {"model": "auth.permission", "pk": 35, "fields": {"name": "Can delete tag", "content_type": 9, "codename": "delete_tag"}}, {"model": "auth.permission", "pk": 36, "fields": {"name": "Can view tag", "content_type": 9, "codename": "view_tag"}}, {"model": "auth.permission", "pk": 37, "fields": {"name": "Can add wishlist", "content_type": 10, "codename": "add_wishlist"}}, {"model": "auth.permission", "pk": 38, "fields": {"name": "Can change wishlist", "content_type": 10, "codename": "change_wishlist"}}, {"model": "auth.permission", "pk": 39, "fields": {"name": "Can delete wishlist", "content_type": 10, "codename": "delete_wishlist"}}, {"model": "auth.permission", "pk": 40, "fields": {"name": "Can view wishlist", "content_type": 10, "codename": "view_wishlist"}}, {"model": "auth.permission", "pk": 41, "fields": {"name": "Can add rating", "content_type": 11, "codename": "add_rating"}}, {"model": "auth.permission", "pk": 42, "fields": {"name": "Can change rating", "content_type": 11, "codename": "change_rating"}}, {"model": "auth.permission", "pk": 43, "fields": {"name": "Can delete rating", "content_type": 11, "codename": "delete_rating"}}, {"model": "auth.permission", "pk": 44, "fields": {"name": "Can view rating", "content_type": 11, "codename": "view_rating"}}, {"model": "auth.permission", "pk": 45, "fields": {"name": "Can add orders", "content_type": 12, "codename": "add_orders"}}, {"model": "auth.permission", "pk": 46, "fields": {"name": "Can change orders", "content_type": 12, "codename": "change_orders"}}, {"model": "auth.permission", "pk": 47, "fields": {"name": "Can delete orders", "content_type": 12, "codename": "delete_orders"}}, {"model": "auth.permission", "pk": 48, "fields": {"name": "Can view orders", "content_type": 12, "codename": "view_orders"}}, {"model": "auth.permission", "pk": 49, "fields": {"name": "Can add order item", "content_type": 13, "codename": "add_orderitem"}}, {"model": "auth.permission", "pk": 50, "fields": {"name": "Can change order item", "content_type": 13, "codename": "change_orderitem"}}, {"model": "auth.permission", "pk": 51, "fields": {"name": "Can delete order item", "content_type": 13, "codename": "delete_orderitem"}}, {"model": "auth.permission", "pk": 52, "fields": {"name": "Can view order item", "content_type": 13, "codename": "view_orderitem"}}, {"model": "auth.permission", "pk": 53, "fields": {"name": "Can add cart", "content_type": 14, "codename": "add_cart"}}, {"model": "auth.permission", "pk": 54, "fields": {"name": "Can change cart", "content_type": 14, "codename": "change_cart"}}, {"model": "auth.permission", "pk": 55, "fields": {"name": "Can delete cart", "content_type": 14, "codename": "delete_cart"}}, {"model": "auth.permission", "pk": 56, "fields": {"name": "Can view cart", "content_type": 14, "codename": "view_cart"}}, {"model": "accounts.useraccount", "pk": 1, "fields": {"password": "pbkdf2_sha256$150000$DbQLB5JwkrLm$vD7x8w9/xiNVx8QqSVdO70iHTRaxukvIbKEm5se0SkY=", "last_login": "2021-07-10T15:38:48.070", "is_superuser": true, "email": "admin@admin.com", "username": "admin", "first_name": "admin", "last_name": "admin", "phone": "1234567890", "address": "", "is_active": true, "is_staff": true, "groups": [], "user_permissions": []}}, {"model": "accounts.useraccount", "pk": 2, "fields": {"password": "pbkdf2_sha256$150000$VLPfc5ZUFhyf$1Eh1ksOMs58AJaKQOAqbdIUdaesMs6ChzahjdKeJEOE=", "last_login": null, "is_superuser": false, "email": "rakshit@yopmail.com", "username": "rakshit", "first_name": "rakshit", "last_name": "rakshit", "phone": "1234567899", "address": "gujrat", "is_active": true, "is_staff": false, "groups": [], "user_permissions": []}}, {"model": "accounts.useraccount", "pk": 3, "fields": {"password": "pbkdf2_sha256$150000$wwBF4gCdBLGt$HX8LLWTlUNqRwBviq8qYAJuouGc+HIs9VKb+s8i9A4M=", "last_login": null, "is_superuser": false, "email": "vijay@yopmail.com", "username": "vijay", "first_name": "vijay", "last_name": "vijay", "phone": "123456789", "address": "india", "is_active": true, "is_staff": false, "groups": [], "user_permissions": []}}, {"model": "accounts.useraccount", "pk": 4, "fields": {"password": "pbkdf2_sha256$150000$olOg93oEnOPO$ug1Xwx9fv/WX0/W3XrS/pJGRm+0pXbHgB0DOgqulxpc=", "last_login": null, "is_superuser": false, "email": "jatin@yopmail.com", "username": "jatin", "first_name": "jatin", "last_name": "jatin", "phone": "12345678", "address": "india", "is_active": true, "is_staff": false, "groups": [], "user_permissions": []}}, {"model": "accounts.useraccount", "pk": 5, "fields": {"password": "pbkdf2_sha256$150000$ZzzzDVJYgoz7$DpYAQd0uaJ3Kf1j/9gO+lcC2mdUT49yf+RCXg6szijs=", "last_login": null, "is_superuser": false, "email": "ankit@yomail.com", "username": "ankit", "first_name": "ankit", "last_name": "ankit", "phone": "123456789", "address": "india", "is_active": false, "is_staff": false, "groups": [], "user_permissions": []}}, {"model": "accounts.useraccount", "pk": 6, "fields": {"password": "pbkdf2_sha256$150000$p2TfaJLLuZ0I$FYCwZJ2g46uXkLwlS/sJSxE//B5OEVcbHsIN9FwBpO8=", "last_login": null, "is_superuser": false, "email": "ravi@yopmail.com", "username": "ravi", "first_name": "ravi", "last_name": "ravi", "phone": "1234554321", "address": "india", "is_active": true, "is_staff": false, "groups": [], "user_permissions": []}}, {"model": "accounts.useraccount", "pk": 7, "fields": {"password": "pbkdf2_sha256$150000$CLYfwOq5FldK$W0h0h/GJEcTsMtgmHpt/29LmP1n0NyX7UtzHBwIri80=", "last_login": null, "is_superuser": false, "email": "raviraj@yopmail.com", "username": "raviraj", "first_name": "raviraj", "last_name": "raviraj", "phone": "1234566511", "address": "india", "is_active": true, "is_staff": false, "groups": [], "user_permissions": []}}, {"model": "accounts.useraccount", "pk": 8, "fields": {"password": "pbkdf2_sha256$150000$y3J322GWwhaI$qLgzdjgFpp+FRiC3YF7OQUW9Y4vs4RaRtePpwRhXzoY=", "last_login": "2021-01-14T17:48:47.414", "is_superuser": false, "email": "ajay@yopmail.com", "username": "ajay", "first_name": "ajay", "last_name": "kumar", "phone": "1234567899", "address": "india", "is_active": true, "is_staff": false, "groups": [], "user_permissions": []}}, {"model": "accounts.useraccount", "pk": 9, "fields": {"password": "pbkdf2_sha256$150000$CmODjGOzqVnJ$suRX/ouOtPJupRk2E07NfNKuWZUSDknBBTCMhGusT4E=", "last_login": null, "is_superuser": false, "email": "okk@yopmail.com", "username": "okk", "first_name": "okk", "last_name": "okk", "phone": "1234567890", "address": "india", "is_active": true, "is_staff": false, "groups": [], "user_permissions": []}}, {"model": "accounts.useraccount", "pk": 10, "fields": {"password": "pbkdf2_sha256$150000$nKJUbxfwITon$UtCxyEOzOhLQrEE3Qb5Eh9iSMQvAHY+rT4nWsT2VdwQ=", "last_login": null, "is_superuser": false, "email": "pasop60758@godpeed.com", "username": "nEw_check_user", "first_name": "new", "last_name": "user", "phone": "9875468213", "address": "address is dummy", "is_active": true, "is_staff": false, "groups": [], "user_permissions": []}}, {"model": "accounts.useraccount", "pk": 12, "fields": {"password": "pbkdf2_sha256$150000$w6BAhLb2NmCL$AAzQ0V9oxLN1j2qBSB62pJ7YYsBRx3R4ZK3xm55b110=", "last_login": null, "is_superuser": false, "email": "newcheck3@dummy.com", "username": "new_usernameupdatedcurrent", "first_name": "new_firstnameupdated", "last_name": "new_lastname2", "phone": "0987654321", "address": "updated Address again", "is_active": true, "is_staff": false, "groups": [], "user_permissions": []}}, {"model": "accounts.useraccount", "pk": 13, "fields": {"password": "pbkdf2_sha256$150000$nFZaWHBLptCc$tVwc1Yu0a9lqZAVDv8yIHmHpF22hhtPOFovN9NCNzn8=", "last_login": null, "is_superuser": false, "email": "newcheck4@dummy.com", "username": "new_username2", "first_name": "new_firstnameupdated", "last_name": "new_lastname2", "phone": "1234567890", "address": "new address", "is_active": true, "is_staff": false, "groups": [], "user_permissions": []}}, {"model": "accounts.useraccount", "pk": 14, "fields": {"password": "pbkdf2_sha256$150000$LVRHfZbYNkAD$asCCAX1He7QJEwGHDNKPIApOEjMqmtx7uUda0WdPQ44=", "last_login": null, "is_superuser": false, "email": "spandan@jeetu.com", "username": "shubhodeep", "first_name": "shubh", "last_name": "deep", "phone": "9838987650", "address": "address", "is_active": false, "is_staff": false, "groups": [], "user_permissions": []}}, {"model": "store.orders", "pk": 1, "fields": {"user": 7, "total": 1679.0, "payment_id": "pay_GP8xsUKOzdje40", "order_id": "order_GP8xmjaXzTExgY", "signature": "980bee24d05edce9b828ae6907e75f32ce11962a4df9f810505d3b72f35737a4", "date_ordered": "2021-01-14T15:21:04.781"}}, {"model": "store.orders", "pk": 2, "fields": {"user": 7, "total": 1399.0, "payment_id": "pay_GP9NAmOaLCaUee", "order_id": "order_GP9N7BFjNDvN53", "signature": "9b3bdb6b6a2160a3917bffc6bb56fb1149ebe4f028a623ca87fe15bdd158d8db", "date_ordered": "2021-01-14T15:45:01.599"}}, {"model": "store.orders", "pk": 3, "fields": {"user": 8, "total": 2398.0, "payment_id": "pay_GP9ZcUTRIm4rNx", "order_id": "order_GP9ZVaMVS6rLaq", "signature": "f1b8ec7a59c3f7d38172e32ac9d1cea98fb48790cadb0e0c8f9cc83ec9ae2f28", "date_ordered": "2021-01-14T15:56:49.335"}}, {"model": "store.orders", "pk": 4, "fields": {"user": 8, "total": 1399.0, "payment_id": "pay_GP9w7mdVpTPSC9", "order_id": "order_GP9w4nz39P0R9R", "signature": "48d615e18b58964405e0c01fb3ee0698a102a724110019d482c29fe555b8728d", "date_ordered": "2021-01-14T16:18:08.611"}}, {"model": "store.orders", "pk": 5, "fields": {"user": 8, "total": 1399.0, "payment_id": "pay_GP9wQpDUAf2Tx4", "order_id": "order_GP9wNv8KXmjDqO", "signature": "492012bfe17ae8f6cf8bc642e75e65b1a1a99e4e2192cdb2accf1d6ae4c70b22", "date_ordered": "2021-01-14T16:18:25.405"}}, {"model": "store.orders", "pk": 6, "fields": {"user": 8, "total": 1399.0, "payment_id": "pay_GP9wkmTTASIlsV", "order_id": "order_GP9whi05xkXiyx", "signature": "5bfe84ada4bad8a0e681fbefe00b533c4a025f1b773945734a2e39eb67bf6456", "date_ordered": "2021-01-14T16:18:43.233"}}, {"model": "store.orders", "pk": 7, "fields": {"user": 8, "total": 1199.0, "payment_id": "pay_GP9xOCMggdfLrV", "order_id": "order_GP9xL6y1ZhFXkc", "signature": "7ee0609e9ee383df453b818adec73aef7e4d01964eb0c4cff2cbf924797b250f", "date_ordered": "2021-01-14T16:19:19.176"}}, {"model": "store.orders", "pk": 8, "fields": {"user": 8, "total": 1399.0, "payment_id": "pay_GP9yA5VqsY4Kjw", "order_id": "order_GP9y7KGT4NfXAn", "signature": "4d49c67e3f5ab02887b3973aab524a389bb03ee1578e4048ad1388c21a9f958e", "date_ordered": "2021-01-14T16:20:02.919"}}, {"model": "store.orders", "pk": 9, "fields": {"user": 8, "total": 1399.0, "payment_id": "pay_GPBVeZqkQnjqN8", "order_id": "order_GPBVbnbMg8y5wP", "signature": "3770effaaf32f1a00fadcf1ce277cac670705d97148a9a4e52bad5915b107221", "date_ordered": "2021-01-14T17:50:26.953"}}, {"model": "store.orders", "pk": 10, "fields": {"user": 8, "total": 1399.0, "payment_id": "pay_GPBYpAn22swDgO", "order_id": "order_GPBYlunESQt7iI", "signature": "b060b47b8c8dc379266581bec3869c8adcdf79ae67af4e1c858428b4a46200ca", "date_ordered": "2021-01-14T17:53:27.049"}}, {"model": "store.orders", "pk": 11, "fields": {"user": 4, "total": 1199.0, "payment_id": "pay_GPC2xlA3lCFDRX", "order_id": "order_GPC28u9OWgaftO", "signature": "980e20b92647164fbeb7208a38a0d773abcb23f94f39cc986826d8f79e4d013d", "date_ordered": "2021-01-14T18:21:59.692"}}, {"model": "store.orders", "pk": 12, "fields": {"user": 4, "total": 2598.0, "payment_id": "pay_GPC55MouRmBGAj", "order_id": "order_GPC512gvMEcf3B", "signature": "baf0773e4afb880b59b35536683a9d507ea35ebf14ad262a7f3f1a887f9c1f56", "date_ordered": "2021-01-14T18:24:00.780"}}, {"model": "store.orders", "pk": 13, "fields": {"user": 4, "total": 2598.0, "payment_id": "pay_GPCel6sLlRmyBX", "order_id": "order_GPCegOE0BDMlkt", "signature": "01edcc50a22c78ae12eb2a69e0d8b8c1216728ed6c6a0114a15de694fc70f369", "date_ordered": "2021-01-14T18:57:46.829"}}, {"model": "store.orders", "pk": 14, "fields": {"user": 4, "total": 1199.0, "payment_id": "pay_GPCfiQL2ViWTc2", "order_id": "order_GPCfe6OKVEVoVD", "signature": "6dc1ce78e432a8dd3c0df949f971cf63853553e47917e692b5639f83791a917f", "date_ordered": "2021-01-14T18:58:41.937"}}, {"model": "store.orders", "pk": 15, "fields": {"user": 4, "total": 2398.0, "payment_id": "pay_GPCm9nvA13mpl4", "order_id": "order_GPCm607bqT8cL9", "signature": "6faa5370c44e57abd6373d41a68880569ac64bc6ad3dd983e1162055763b16ff", "date_ordered": "2021-01-14T19:04:47.671"}}, {"model": "store.orders", "pk": 16, "fields": {"user": 4, "total": 2398.0, "payment_id": "pay_GPCoP4QJKSsrIz", "order_id": "order_GPCoIULxGVFnAU", "signature": "1613e70da732adaa2e424aa577ee61e2109b7f4f82c26b4c99975c191998eb07", "date_ordered": "2021-01-14T19:06:55.583"}}, {"model": "store.orders", "pk": 17, "fields": {"user": 8, "total": 4796.0, "payment_id": "pay_GPCrv9mblBolmM", "order_id": "order_GPCrqsl4lEjJFd", "signature": "0d92d84b4a3df53142e513056dc773c73cacc9815d172252852c7e74086c3c5d", "date_ordered": "2021-01-14T19:10:14.557"}}, {"model": "store.orders", "pk": 18, "fields": {"user": 8, "total": 1199.0, "payment_id": "pay_GPCtHmRIXpdT9o", "order_id": "order_GPCtCT9YKTOMa6", "signature": "67c32ebb027e5b6acfbbc708296cec8fd4607cd6bcda563b7e3d17cf31cb040e", "date_ordered": "2021-01-14T19:11:31.593"}}, {"model": "store.orders", "pk": 19, "fields": {"user": 8, "total": 1679.0, "payment_id": "pay_GPCxIrjFfiXWnK", "order_id": "order_GPCxF0S5Th5Ihr", "signature": "989fb57b20d0b8b9648f4fb9ef665e90024734fb6d5a9914d35e1e0c5489d6e4", "date_ordered": "2021-01-14T19:15:20.634"}}, {"model": "store.orders", "pk": 20, "fields": {"user": 8, "total": 3078.0, "payment_id": "pay_GPD64fMFcUp2L6", "order_id": "order_GPD60z3fEzy5iN", "signature": "59a9761922ef8e15e0f4532e50e6b68ac112de003193bea8c894d572dd1992e0", "date_ordered": "2021-01-14T19:23:38.411"}}, {"model": "store.orders", "pk": 21, "fields": {"user": 8, "total": 1399.0, "payment_id": "pay_GPD7hFUTc9yb4y", "order_id": "order_GPD7bkBq5gGODM", "signature": "1ef536532f32d45b8f0edd8ca897395949bae377e421277616fd7d7189a10c18", "date_ordered": "2021-01-14T19:25:56.440"}}, {"model": "store.orders", "pk": 22, "fields": {"user": 9, "total": 899.0, "payment_id": "pay_GPRL26hhIIYpe8", "order_id": "order_GPRKvRcMbTdHUd", "signature": "b3b60aa7d051e4b698b22f13960cffed5573c7935b5343545f70b5f8a85ff525", "date_ordered": "2021-01-15T09:19:29.194"}}, {"model": "store.orders", "pk": 23, "fields": {"user": 9, "total": 2200.0, "payment_id": "pay_GPS7aOl6w1o1lh", "order_id": "order_GPS7XIB49ryhwq", "signature": "33fb363d87b2e34c7f08e79db14df3a343fa677ab96cab331fe33e17469abf23", "date_ordered": "2021-01-15T10:05:26.825"}}, {"model": "store.orders", "pk": 24, "fields": {"user": 9, "total": 1199.0, "payment_id": "pay_GPSHE1MhZ8HJQe", "order_id": "order_GPSH918S6JzgP2", "signature": "17611acab57850d878869db4a4a3b75e7ba1316f852da7cc32fcff63732a0c34", "date_ordered": "2021-01-15T10:14:37.908"}}, {"model": "store.orders", "pk": 25, "fields": {"user": 9, "total": 1199.0, "payment_id": "pay_GPSJU6sxXBYsWU", "order_id": "order_GPSIdn79aSA6uW", "signature": "56035ef5cf94f8492639f4708b95a5c530d6d1bb1ae3b0f0844e2686e5c9eb15", "date_ordered": "2021-01-15T10:17:23.222"}}, {"model": "store.orders", "pk": 26, "fields": {"user": 9, "total": 2740.0, "payment_id": "pay_GPSLp0GqM3CstU", "order_id": "order_GPSLcXMRaTyoKM", "signature": "7057c2495e0c0c5d7962c812fc616092de3461c091f3c4451ee4dba1818fc9f6", "date_ordered": "2021-01-15T10:18:56.069"}}, {"model": "store.orders", "pk": 27, "fields": {"user": 1, "total": 1199.0, "payment_id": "pay_HWsHqSK9Xq19Cq", "order_id": "order_HWsHeHU7pkdKxa", "signature": "f8886a000786d6332d8206ae7d6b752ad0ba83b8564c94b259ef1c31c3026982", "date_ordered": "2021-07-09T20:32:20.723"}}, {"model": "store.orders", "pk": 28, "fields": {"user": 1, "total": 12089.0, "payment_id": "pay_HWsQUzYE8hk86n", "order_id": "order_HWsQNb8PtEtCga", "signature": "4d9029af3cb5ce4547745d9dbd74bd57c36c6cedc45fe6a673b514f895cf7450", "date_ordered": "2021-07-09T20:40:31.086"}}, {"model": "store.rating", "pk": 2, "fields": {"user": 2, "product": 2, "rating": 5, "comment": "varry good product"}}, {"model": "store.rating", "pk": 3, "fields": {"user": 2, "product": 3, "rating": 3, "comment": "good product"}}, {"model": "store.rating", "pk": 4, "fields": {"user": 2, "product": 4, "rating": 4, "comment": "not bad"}}, {"model": "store.rating", "pk": 5, "fields": {"user": 3, "product": 5, "rating": 4, "comment": "not bad"}}, {"model": "store.rating", "pk": 6, "fields": {"user": 2, "product": 1, "rating": 1, "comment": "bad product"}}, {"model": "store.rating", "pk": 7, "fields": {"user": 4, "product": 6, "rating": 5, "comment": "vary good product"}}, {"model": "store.rating", "pk": 8, "fields": {"user": 6, "product": 7, "rating": 5, "comment": "vary good product"}}, {"model": "store.rating", "pk": 9, "fields": {"user": 7, "product": 8, "rating": 5, "comment": "good product"}}, {"model": "store.rating", "pk": 10, "fields": {"user": 4, "product": 9, "rating": 5, "comment": "vary good product"}}, {"model": "store.rating", "pk": 11, "fields": {"user": 5, "product": 10, "rating": 5, "comment": "good product"}}, {"model": "store.rating", "pk": 12, "fields": {"user": 7, "product": 10, "rating": 5, "comment": "varry good product"}}, {"model": "store.rating", "pk": 13, "fields": {"user": 4, "product": 11, "rating": 5, "comment": "good product"}}, {"model": "store.rating", "pk": 14, "fields": {"user": 2, "product": 12, "rating": 5, "comment": "good Quality watch"}}, {"model": "store.rating", "pk": 15, "fields": {"user": 4, "product": 13, "rating": 5, "comment": "varry good product"}}, {"model": "store.rating", "pk": 16, "fields": {"user": 4, "product": 14, "rating": 5, "comment": "good product"}}, {"model": "store.rating", "pk": 17, "fields": {"user": 4, "product": 15, "rating": 4, "comment": "good product"}}, {"model": "store.rating", "pk": 18, "fields": {"user": 5, "product": 16, "rating": 4, "comment": "good product"}}, {"model": "store.rating", "pk": 19, "fields": {"user": 6, "product": 17, "rating": 4, "comment": "good product"}}, {"model": "store.rating", "pk": 20, "fields": {"user": 5, "product": 18, "rating": 5, "comment": "product"}}, {"model": "store.rating", "pk": 21, "fields": {"user": 4, "product": 19, "rating": 5, "comment": "good"}}, {"model": "store.rating", "pk": 22, "fields": {"user": 8, "product": 2, "rating": 5, "comment": "good product"}}, {"model": "store.rating", "pk": 23, "fields": {"user": 9, "product": 4, "rating": 4, "comment": "good product"}}, {"model": "store.rating", "pk": 24, "fields": {"user": 7, "product": 20, "rating": 5, "comment": "good product"}}, {"model": "store.rating", "pk": 25, "fields": {"user": 3, "product": 24, "rating": 4, "comment": "good product"}}, {"model": "store.rating", "pk": 26, "fields": {"user": 5, "product": 23, "rating": 5, "comment": "not bad"}}, {"model": "store.rating", "pk": 27, "fields": {"user": 7, "product": 22, "rating": 5, "comment": "good brand"}}, {"model": "store.rating", "pk": 28, "fields": {"user": 9, "product": 21, "rating": 5, "comment": "top quality product"}}, {"model": "store.rating", "pk": 29, "fields": {"user": 7, "product": 25, "rating": 5, "comment": "good product"}}, {"model": "store.rating", "pk": 30, "fields": {"user": 4, "product": 30, "rating": 4, "comment": "good product"}}, {"model": "store.rating", "pk": 31, "fields": {"user": 6, "product": 29, "rating": 4, "comment": "good product"}}, {"model": "store.rating", "pk": 32, "fields": {"user": 3, "product": 27, "rating": 4, "comment": "good product"}}, {"model": "store.rating", "pk": 33, "fields": {"user": 8, "product": 26, "rating": 5, "comment": "good product"}}, {"model": "store.rating", "pk": 34, "fields": {"user": 9, "product": 25, "rating": 5, "comment": "good product"}}, {"model": "store.rating", "pk": 35, "fields": {"user": 5, "product": 27, "rating": 5, "comment": "good product"}}, {"model": "store.rating", "pk": 36, "fields": {"user": 4, "product": 31, "rating": 5, "comment": "not bad"}}, {"model": "store.rating", "pk": 37, "fields": {"user": 8, "product": 32, "rating": 4, "comment": "good tshirt"}}, {"model": "store.rating", "pk": 38, "fields": {"user": 9, "product": 3, "rating": 5, "comment": "good product"}}, {"model": "store.rating", "pk": 39, "fields": {"user": 1, "product": 2, "rating": 4, "comment": "my name is khan and I am not a terrorist."}}, {"model": "store.rating", "pk": 40, "fields": {"user": 1, "product": 2, "rating": 4, "comment": "my name is khan and I am not a terrorist."}}, {"model": "store.rating", "pk": 41, "fields": {"user": 1, "product": 2, "rating": 4, "comment": "my name is khan and I am not a terrorist."}}, {"model": "store.rating", "pk": 42, "fields": {"user": 1, "product": 9, "rating": 5, "comment": "Demo to tech leader."}}, {"model": "store.rating", "pk": 43, "fields": {"user": 1, "product": 2, "rating": 5, "comment": "Demo to senorita"}}, {"model": "admin.logentry", "pk": 1, "fields": {"action_time": "2021-01-14T14:37:31.576", "user": 1, "content_type": 7, "object_id": "1", "object_repr": "cat1", "action_flag": 1, "change_message": "[{\"added\": {}}]"}}, {"model": "admin.logentry", "pk": 2, "fields": {"action_time": "2021-01-14T14:37:36.229", "user": 1, "content_type": 7, "object_id": "2", "object_repr": "cat2", "action_flag": 1, "change_message": "[{\"added\": {}}]"}}, {"model": "admin.logentry", "pk": 3, "fields": {"action_time": "2021-01-14T14:37:40.376", "user": 1, "content_type": 7, "object_id": "3", "object_repr": "ca3", "action_flag": 1, "change_message": "[{\"added\": {}}]"}}, {"model": "admin.logentry", "pk": 4, "fields": {"action_time": "2021-01-14T14:37:47.542", "user": 1, "content_type": 7, "object_id": "4", "object_repr": "cat4", "action_flag": 1, "change_message": "[{\"added\": {}}]"}}, {"model": "admin.logentry", "pk": 5, "fields": {"action_time": "2021-01-14T14:37:53.022", "user": 1, "content_type": 7, "object_id": "5", "object_repr": "cat5", "action_flag": 1, "change_message": "[{\"added\": {}}]"}}, {"model": "admin.logentry", "pk": 6, "fields": {"action_time": "2021-01-14T14:38:19.611", "user": 1, "content_type": 8, "object_id": "1", "object_repr": "product1 : product1", "action_flag": 1, "change_message": "[{\"added\": {}}]"}}, {"model": "admin.logentry", "pk": 7, "fields": {"action_time": "2021-01-14T14:38:33.262", "user": 1, "content_type": 11, "object_id": "1", "object_repr": "Rating object (1)", "action_flag": 1, "change_message": "[{\"added\": {}}]"}}, {"model": "admin.logentry", "pk": 8, "fields": {"action_time": "2021-01-14T14:43:38.059", "user": 1, "content_type": 7, "object_id": "1", "object_repr": "woman", "action_flag": 2, "change_message": "[{\"changed\": {\"fields\": [\"name\"]}}]"}}, {"model": "admin.logentry", "pk": 9, "fields": {"action_time": "2021-01-14T14:43:47.692", "user": 1, "content_type": 7, "object_id": "2", "object_repr": "man", "action_flag": 2, "change_message": "[{\"changed\": {\"fields\": [\"name\"]}}]"}}, {"model": "admin.logentry", "pk": 10, "fields": {"action_time": "2021-01-14T14:43:57.423", "user": 1, "content_type": 7, "object_id": "3", "object_repr": "kid", "action_flag": 2, "change_message": "[{\"changed\": {\"fields\": [\"name\"]}}]"}}, {"model": "admin.logentry", "pk": 11, "fields": {"action_time": "2021-01-14T14:44:07.974", "user": 1, "content_type": 7, "object_id": "4", "object_repr": "accessories", "action_flag": 2, "change_message": "[{\"changed\": {\"fields\": [\"name\"]}}]"}}, {"model": "admin.logentry", "pk": 12, "fields": {"action_time": "2021-01-14T14:45:03.053", "user": 1, "content_type": 7, "object_id": "5", "object_repr": "cosmetic", "action_flag": 2, "change_message": "[{\"changed\": {\"fields\": [\"name\"]}}]"}}, {"model": "admin.logentry", "pk": 13, "fields": {"action_time": "2021-01-14T14:45:08.992", "user": 1, "content_type": 7, "object_id": "6", "object_repr": "sale", "action_flag": 1, "change_message": "[{\"added\": {}}]"}}, {"model": "admin.logentry", "pk": 14, "fields": {"action_time": "2021-01-14T14:50:00.891", "user": 1, "content_type": 8, "object_id": "1", "object_repr": "Women Green & Silver Yoke-Design Straight Kurta : product1", "action_flag": 2, "change_message": "[{\"changed\": {\"fields\": [\"title\", \"price\", \"image\"]}}]"}}, {"model": "admin.logentry", "pk": 15, "fields": {"action_time": "2021-01-14T14:53:14.436", "user": 1, "content_type": 8, "object_id": "2", "object_repr": "Women Pink Embroidered Straight Kurta : Pink embroidered straight kurta with sequinned and lace detail, has a keyhole neck, three-quarter sleeves, straight hem, button closure, and side slits", "action_flag": 1, "change_message": "[{\"added\": {}}]"}}, {"model": "admin.logentry", "pk": 16, "fields": {"action_time": "2021-01-14T14:53:48.401", "user": 1, "content_type": 11, "object_id": "2", "object_repr": "Rating object (2)", "action_flag": 1, "change_message": "[{\"added\": {}}]"}}, {"model": "admin.logentry", "pk": 17, "fields": {"action_time": "2021-01-14T14:58:22.252", "user": 1, "content_type": 8, "object_id": "3", "object_repr": "Women Taupe & Red Printed Maxi Dress : Taupe, red and golden printed woven maxi dress, has a keyhole neck with button closure, long sleeves, and flared hem", "action_flag": 1, "change_message": "[{\"added\": {}}]"}}, {"model": "admin.logentry", "pk": 18, "fields": {"action_time": "2021-01-14T14:58:48.825", "user": 1, "content_type": 11, "object_id": "3", "object_repr": "Rating object (3)", "action_flag": 1, "change_message": "[{\"added\": {}}]"}}, {"model": "admin.logentry", "pk": 19, "fields": {"action_time": "2021-01-14T15:00:56.274", "user": 1, "content_type": 8, "object_id": "4", "object_repr": "Women Off-White & Blue Printed Straight Kurta : Off-white, blue and orange printed straight kurta, has a mandarin collar, three-quarter sleeves, straight hem, and side slits", "action_flag": 1, "change_message": "[{\"added\": {}}]"}}, {"model": "admin.logentry", "pk": 20, "fields": {"action_time": "2021-01-14T15:01:18.635", "user": 1, "content_type": 11, "object_id": "4", "object_repr": "Rating object (4)", "action_flag": 1, "change_message": "[{\"added\": {}}]"}}, {"model": "admin.logentry", "pk": 21, "fields": {"action_time": "2021-01-14T15:08:12.909", "user": 1, "content_type": 8, "object_id": "5", "object_repr": "Women Blue & Silver Printed Straight Kurta : Blue and Silver printed straight kurta, has a keyhole neck with button closure, three-quarter sleeves, straight hem, and side slits", "action_flag": 1, "change_message": "[{\"added\": {}}]"}}, {"model": "admin.logentry", "pk": 22, "fields": {"action_time": "2021-01-14T15:08:35.546", "user": 1, "content_type": 11, "object_id": "5", "object_repr": "Rating object (5)", "action_flag": 1, "change_message": "[{\"added\": {}}]"}}, {"model": "admin.logentry", "pk": 23, "fields": {"action_time": "2021-01-14T15:08:53.170", "user": 1, "content_type": 11, "object_id": "1", "object_repr": "Rating object (1)", "action_flag": 3, "change_message": ""}}, {"model": "admin.logentry", "pk": 24, "fields": {"action_time": "2021-01-14T15:09:28.111", "user": 1, "content_type": 8, "object_id": "1", "object_repr": "Women Green & Silver Yoke-Design Straight Kurta : Green and silver yoke-design straight kurta with embroidered detail, has a square neck, three-quarter sleeves, straight hem, and side slits", "action_flag": 2, "change_message": "[{\"changed\": {\"fields\": [\"description\"]}}]"}}, {"model": "admin.logentry", "pk": 25, "fields": {"action_time": "2021-01-14T15:10:08.430", "user": 1, "content_type": 11, "object_id": "6", "object_repr": "Rating object (6)", "action_flag": 1, "change_message": "[{\"added\": {}}]"}}, {"model": "admin.logentry", "pk": 26, "fields": {"action_time": "2021-01-14T15:11:44.858", "user": 1, "content_type": 8, "object_id": "6", "object_repr": "Women Off-White Embroidered Detail Straight Kurta : Off-white embroidered detail straight kurta, has a round neck, three-quarter sleeves, curved hem, and side slits", "action_flag": 1, "change_message": "[{\"added\": {}}]"}}, {"model": "admin.logentry", "pk": 27, "fields": {"action_time": "2021-01-14T15:12:27.095", "user": 1, "content_type": 11, "object_id": "7", "object_repr": "Rating object (7)", "action_flag": 1, "change_message": "[{\"added\": {}}]"}}, {"model": "admin.logentry", "pk": 28, "fields": {"action_time": "2021-01-14T15:14:00.591", "user": 1, "content_type": 8, "object_id": "7", "object_repr": "Women Blue & White Printed A-Line Kurta : Blue and white printed A-line kurta, has a mandarin collar, three-quarter sleeves, flared hem, and front slit", "action_flag": 1, "change_message": "[{\"added\": {}}]"}}, {"model": "admin.logentry", "pk": 29, "fields": {"action_time": "2021-01-14T15:14:18.075", "user": 1, "content_type": 11, "object_id": "8", "object_repr": "Rating object (8)", "action_flag": 1, "change_message": "[{\"added\": {}}]"}}, {"model": "admin.logentry", "pk": 30, "fields": {"action_time": "2021-01-14T15:16:05.629", "user": 1, "content_type": 8, "object_id": "8", "object_repr": "Women Off-White & Black Printed Straight Kurta : Off-white, black and red printed straight kurta, has a keyhole neck, three-quarter sleeves, straight hem, and side slits", "action_flag": 1, "change_message": "[{\"added\": {}}]"}}, {"model": "admin.logentry", "pk": 31, "fields": {"action_time": "2021-01-14T15:16:22.685", "user": 1, "content_type": 11, "object_id": "9", "object_repr": "Rating object (9)", "action_flag": 1, "change_message": "[{\"added\": {}}]"}}, {"model": "admin.logentry", "pk": 32, "fields": {"action_time": "2021-01-14T15:18:00.734", "user": 1, "content_type": 8, "object_id": "9", "object_repr": "Women Lavender & Golden Asymmetric Hemline Printed : Lavender, golden and maroon printed panelled A-line kurta, has a round neck, hook closure, three-quarter sleeves, asymmetric hem, and side slits", "action_flag": 1, "change_message": "[{\"added\": {}}]"}}, {"model": "admin.logentry", "pk": 33, "fields": {"action_time": "2021-01-14T15:18:20.308", "user": 1, "content_type": 11, "object_id": "10", "object_repr": "Rating object (10)", "action_flag": 1, "change_message": "[{\"added\": {}}]"}}, {"model": "admin.logentry", "pk": 34, "fields": {"action_time": "2021-01-14T15:20:23.093", "user": 1, "content_type": 8, "object_id": "10", "object_repr": "Tommy Hilfiger Men Green Solid Polo Collar T-shirt : Green solid T-shirt, has a polo collar, and short sleeves", "action_flag": 1, "change_message": "[{\"added\": {}}]"}}, {"model": "admin.logentry", "pk": 35, "fields": {"action_time": "2021-01-14T15:20:42.106", "user": 1, "content_type": 11, "object_id": "11", "object_repr": "Rating object (11)", "action_flag": 1, "change_message": "[{\"added\": {}}]"}}, {"model": "admin.logentry", "pk": 36, "fields": {"action_time": "2021-01-14T15:25:01.565", "user": 1, "content_type": 8, "object_id": "11", "object_repr": "The Body Shop Women British Rose Body Sustainable : Women British Rose Body Mist", "action_flag": 1, "change_message": "[{\"added\": {}}]"}}, {"model": "admin.logentry", "pk": 37, "fields": {"action_time": "2021-01-14T15:25:19.009", "user": 1, "content_type": 11, "object_id": "13", "object_repr": "Rating object (13)", "action_flag": 1, "change_message": "[{\"added\": {}}]"}}, {"model": "admin.logentry", "pk": 38, "fields": {"action_time": "2021-01-14T15:27:15.385", "user": 1, "content_type": 8, "object_id": "12", "object_repr": "Roadster Men Black Multi Function Analogue and Dig : Display: Analogue and Digital\r\nMovement: Quartz\r\nPower source: Battery\r\nDial style: Solid round stainless steel dial\r\nFeatures: Multi Function, Sto", "action_flag": 1, "change_message": "[{\"added\": {}}]"}}, {"model": "admin.logentry", "pk": 39, "fields": {"action_time": "2021-01-14T15:27:36.172", "user": 1, "content_type": 11, "object_id": "14", "object_repr": "Rating object (14)", "action_flag": 1, "change_message": "[{\"added\": {}}]"}}, {"model": "admin.logentry", "pk": 40, "fields": {"action_time": "2021-01-14T15:29:43.766", "user": 1, "content_type": 8, "object_id": "13", "object_repr": "GAP Boy's Navy Blue Logo Short Sleeve T-Shirt : Soft weave,Short sleeves,Crew neck,Logo at front", "action_flag": 1, "change_message": "[{\"added\": {}}]"}}, {"model": "admin.logentry", "pk": 41, "fields": {"action_time": "2021-01-14T15:30:06.943", "user": 1, "content_type": 11, "object_id": "15", "object_repr": "Rating object (15)", "action_flag": 1, "change_message": "[{\"added\": {}}]"}}, {"model": "admin.logentry", "pk": 42, "fields": {"action_time": "2021-01-14T15:31:46.767", "user": 1, "content_type": 8, "object_id": "14", "object_repr": "Puma Men Olive Green Solid Rebel Full Zip FL Hoody : Product design details\r\nOlive green solid sweatshirt\r\nHas a hood\r\nLong sleeves\r\nRegular fit\r\nKangaroo pocket\r\nRib cuffs and hem\r\nPUMA Wordmark and ", "action_flag": 1, "change_message": "[{\"added\": {}}]"}}, {"model": "admin.logentry", "pk": 43, "fields": {"action_time": "2021-01-14T15:32:14.483", "user": 1, "content_type": 11, "object_id": "16", "object_repr": "Rating object (16)", "action_flag": 1, "change_message": "[{\"added\": {}}]"}}, {"model": "admin.logentry", "pk": 44, "fields": {"action_time": "2021-01-14T15:36:46.448", "user": 1, "content_type": 8, "object_id": "15", "object_repr": "PERFKT-U Men Navy Blue Solid Insulator Padded Jac : Navy Blue solid jacket, has a mock collar, 2 pockets, zip closure, long sleeves, straight hem, and synthetic lining", "action_flag": 1, "change_message": "[{\"added\": {}}]"}}, {"model": "admin.logentry", "pk": 45, "fields": {"action_time": "2021-01-14T15:37:01.986", "user": 1, "content_type": 11, "object_id": "17", "object_repr": "Rating object (17)", "action_flag": 1, "change_message": "[{\"added\": {}}]"}}, {"model": "admin.logentry", "pk": 46, "fields": {"action_time": "2021-01-14T15:38:57.294", "user": 1, "content_type": 8, "object_id": "16", "object_repr": "Roadster Men Black Slim Fit Mid-Rise Clean Look St : Black dark wash 5-pocket mid-rise jeans, clean look with no fade, has a button and zip closure, waistband with belt loops", "action_flag": 1, "change_message": "[{\"added\": {}}]"}}, {"model": "admin.logentry", "pk": 47, "fields": {"action_time": "2021-01-14T15:39:19.286", "user": 1, "content_type": 11, "object_id": "18", "object_repr": "Rating object (18)", "action_flag": 1, "change_message": "[{\"added\": {}}]"}}, {"model": "admin.logentry", "pk": 48, "fields": {"action_time": "2021-01-14T15:42:07.725", "user": 1, "content_type": 8, "object_id": "17", "object_repr": "Moda Rapido Men Maroon Printed Round Neck T-shirt : Maroon and black printed T-shirt, has a round neck, long sleeves", "action_flag": 1, "change_message": "[{\"added\": {}}]"}}, {"model": "admin.logentry", "pk": 49, "fields": {"action_time": "2021-01-14T15:42:40.103", "user": 1, "content_type": 11, "object_id": "19", "object_repr": "Rating object (19)", "action_flag": 1, "change_message": "[{\"added\": {}}]"}}, {"model": "admin.logentry", "pk": 50, "fields": {"action_time": "2021-01-14T15:44:18.577", "user": 1, "content_type": 8, "object_id": "18", "object_repr": "Dennis Lingo Men Pink Slim Fit Solid Casual Shirt : Pink solid casual shirt, has a spread collar, long sleeves, curved hem, one patch pocket", "action_flag": 1, "change_message": "[{\"added\": {}}]"}}, {"model": "admin.logentry", "pk": 51, "fields": {"action_time": "2021-01-14T15:44:37.218", "user": 1, "content_type": 11, "object_id": "20", "object_repr": "Rating object (20)", "action_flag": 1, "change_message": "[{\"added\": {}}]"}}, {"model": "admin.logentry", "pk": 52, "fields": {"action_time": "2021-01-14T15:52:01.998", "user": 1, "content_type": 8, "object_id": "19", "object_repr": "Bitiya by Bhama Off-White & Pink Ready to Wear Le : Off-white and pink ready to wear lehenga choli\r\nOff-white and pink ready to wear solid blouse, has shirt collar, three-quarter sleeves\r\nPink and gol", "action_flag": 1, "change_message": "[{\"added\": {}}]"}}, {"model": "admin.logentry", "pk": 53, "fields": {"action_time": "2021-01-14T15:52:31.393", "user": 1, "content_type": 11, "object_id": "21", "object_repr": "Rating object (21)", "action_flag": 1, "change_message": "[{\"added\": {}}]"}}, {"model": "admin.logentry", "pk": 54, "fields": {"action_time": "2021-01-14T15:52:53.878", "user": 1, "content_type": 8, "object_id": "19", "object_repr": "Bitiya by Bhama Off-White & Pink Ready to Wear Le : Off-white and pink ready to wear lehenga choli\r\nOff-white and pink ready to wear solid blouse, has shirt collar, three-quarter sleeves\r\nPink and gol", "action_flag": 2, "change_message": "[{\"changed\": {\"fields\": [\"category\"]}}]"}}, {"model": "admin.logentry", "pk": 55, "fields": {"action_time": "2021-01-15T09:29:18.335", "user": 1, "content_type": 8, "object_id": "20", "object_repr": "M.A.C Powder Kiss Lipstick- Velvet Punch : M.A.C Powder Kiss Lipstick", "action_flag": 1, "change_message": "[{\"added\": {}}]"}}, {"model": "admin.logentry", "pk": 56, "fields": {"action_time": "2021-01-15T09:29:47.294", "user": 1, "content_type": 11, "object_id": "24", "object_repr": "Rating object (24)", "action_flag": 1, "change_message": "[{\"added\": {}}]"}}, {"model": "admin.logentry", "pk": 57, "fields": {"action_time": "2021-01-15T09:31:25.758", "user": 1, "content_type": 8, "object_id": "21", "object_repr": "Calvin Klein Unisex One Eau De Toilette : Eau De Toilette Gift set\r\nOne EDT and One Travel Spray EDT", "action_flag": 1, "change_message": "[{\"added\": {}}]"}}, {"model": "admin.logentry", "pk": 58, "fields": {"action_time": "2021-01-15T09:33:01.647", "user": 1, "content_type": 8, "object_id": "22", "object_repr": "MyGlamm Lit Creamy Matte Lipstick : MyGlamm Lit Creamy Matte Lipstick - Sangria\r\n\r\nSangria is a beautiful wine shade that enamours all skin tones. It is also PETA Approved cruelty-free and vegan.Play ", "action_flag": 1, "change_message": "[{\"added\": {}}]"}}, {"model": "admin.logentry", "pk": 59, "fields": {"action_time": "2021-01-15T09:34:48.152", "user": 1, "content_type": 8, "object_id": "23", "object_repr": "Maybelline New York Washable Volume : Washable Volume Express Colossal Mascara - Black", "action_flag": 1, "change_message": "[{\"added\": {}}]"}}, {"model": "admin.logentry", "pk": 60, "fields": {"action_time": "2021-01-15T09:36:36.320", "user": 1, "content_type": 8, "object_id": "24", "object_repr": "Denver Men Set of Imperial Eua De : Eua De Parfum and Deodorant Body Spray Gift Pack", "action_flag": 1, "change_message": "[{\"added\": {}}]"}}, {"model": "admin.logentry", "pk": 61, "fields": {"action_time": "2021-01-15T09:37:00.797", "user": 1, "content_type": 11, "object_id": "25", "object_repr": "Rating object (25)", "action_flag": 1, "change_message": "[{\"added\": {}}]"}}, {"model": "admin.logentry", "pk": 62, "fields": {"action_time": "2021-01-15T09:37:11.311", "user": 1, "content_type": 11, "object_id": "26", "object_repr": "Rating object (26)", "action_flag": 1, "change_message": "[{\"added\": {}}]"}}, {"model": "admin.logentry", "pk": 63, "fields": {"action_time": "2021-01-15T09:37:16.809", "user": 1, "content_type": 11, "object_id": "26", "object_repr": "Rating object (26)", "action_flag": 2, "change_message": "[{\"changed\": {\"fields\": [\"comment\"]}}]"}}, {"model": "admin.logentry", "pk": 64, "fields": {"action_time": "2021-01-15T09:37:31.171", "user": 1, "content_type": 11, "object_id": "27", "object_repr": "Rating object (27)", "action_flag": 1, "change_message": "[{\"added\": {}}]"}}, {"model": "admin.logentry", "pk": 65, "fields": {"action_time": "2021-01-15T09:37:53.071", "user": 1, "content_type": 11, "object_id": "28", "object_repr": "Rating object (28)", "action_flag": 1, "change_message": "[{\"added\": {}}]"}}, {"model": "admin.logentry", "pk": 66, "fields": {"action_time": "2021-01-15T09:37:57.995", "user": 1, "content_type": 11, "object_id": "28", "object_repr": "Rating object (28)", "action_flag": 2, "change_message": "[{\"changed\": {\"fields\": [\"rating\"]}}]"}}, {"model": "admin.logentry", "pk": 67, "fields": {"action_time": "2021-01-15T09:39:47.839", "user": 1, "content_type": 8, "object_id": "25", "object_repr": "Bene Kleed : Off-White and blue printed casual shirt, has a spread collar, long sleeves, curved hem,", "action_flag": 1, "change_message": "[{\"added\": {}}]"}}, {"model": "admin.logentry", "pk": 68, "fields": {"action_time": "2021-01-15T09:40:11.953", "user": 1, "content_type": 11, "object_id": "29", "object_repr": "Rating object (29)", "action_flag": 1, "change_message": "[{\"added\": {}}]"}}, {"model": "admin.logentry", "pk": 69, "fields": {"action_time": "2021-01-15T09:42:27.436", "user": 1, "content_type": 8, "object_id": "26", "object_repr": "Fossil The Carlyle Smartwatch : Compatibility: Android OS 6.0+ (EXCLUDING GO EDITION), iOS 10.0+\r\nProcessor name: Qualcomm Snapdragon Wear 3100\r\nRam: 512 MB\r\nDisplay type: AMOLED\r\nCase Size: 41mm\r\nSen", "action_flag": 1, "change_message": "[{\"added\": {}}]"}}, {"model": "admin.logentry", "pk": 70, "fields": {"action_time": "2021-01-15T09:44:18.176", "user": 1, "content_type": 8, "object_id": "27", "object_repr": "NOISE Unisex Jet Black Shots BEAT : Features:\r\nColor: Jet Black\r\nConnectivity: True wireless\r\nMicrophone: Yes\r\nBalanced Sound: Enjoy clear balanced sound on the 9mm speaker drivers of the Noise Shots ", "action_flag": 1, "change_message": "[{\"added\": {}}]"}}, {"model": "admin.logentry", "pk": 71, "fields": {"action_time": "2021-01-15T09:47:00.812", "user": 1, "content_type": 8, "object_id": "28", "object_repr": "Fastrack Men Black Analogue Watch : Display: Analogue\r\nMovement: Quartz\r\nPower source: Battery\r\nDial style: Printed round stainless steel dial\r\nFeatures: Reset Time\r\nStrap style: Steel Toned bracelet ", "action_flag": 1, "change_message": "[{\"added\": {}}]"}}, {"model": "admin.logentry", "pk": 72, "fields": {"action_time": "2021-01-15T09:48:33.336", "user": 1, "content_type": 8, "object_id": "29", "object_repr": "boAt Rockerz LuciousWireless Headphone : boAt Rockerz 450 is an on-ear wireless headset that has been ergonomically designed to meet the needs of music lovers.\r\nThe headphones come equipped with Bluet", "action_flag": 1, "change_message": "[{\"added\": {}}]"}}, {"model": "admin.logentry", "pk": 73, "fields": {"action_time": "2021-01-15T09:50:08.508", "user": 1, "content_type": 8, "object_id": "30", "object_repr": "Fossil Men Grey Chronograph Watch : Display: Analogue\r\nMovement: Quartz\r\nPower source: Battery\r\nDial style: Solid round stainless steel dial\r\nFeatures: Reset Time, Chronograph, Date Aperture\r\nStrap st", "action_flag": 1, "change_message": "[{\"added\": {}}]"}}, {"model": "admin.logentry", "pk": 74, "fields": {"action_time": "2021-01-15T09:50:28.490", "user": 1, "content_type": 11, "object_id": "30", "object_repr": "Rating object (30)", "action_flag": 1, "change_message": "[{\"added\": {}}]"}}, {"model": "admin.logentry", "pk": 75, "fields": {"action_time": "2021-01-15T09:50:35.208", "user": 1, "content_type": 11, "object_id": "30", "object_repr": "Rating object (30)", "action_flag": 2, "change_message": "[{\"changed\": {\"fields\": [\"comment\"]}}]"}}, {"model": "admin.logentry", "pk": 76, "fields": {"action_time": "2021-01-15T09:50:49.193", "user": 1, "content_type": 11, "object_id": "31", "object_repr": "Rating object (31)", "action_flag": 1, "change_message": "[{\"added\": {}}]"}}, {"model": "admin.logentry", "pk": 77, "fields": {"action_time": "2021-01-15T09:51:06.010", "user": 1, "content_type": 11, "object_id": "32", "object_repr": "Rating object (32)", "action_flag": 1, "change_message": "[{\"added\": {}}]"}}, {"model": "admin.logentry", "pk": 78, "fields": {"action_time": "2021-01-15T09:51:20.796", "user": 1, "content_type": 11, "object_id": "33", "object_repr": "Rating object (33)", "action_flag": 1, "change_message": "[{\"added\": {}}]"}}, {"model": "admin.logentry", "pk": 79, "fields": {"action_time": "2021-01-15T09:51:34.634", "user": 1, "content_type": 11, "object_id": "34", "object_repr": "Rating object (34)", "action_flag": 1, "change_message": "[{\"added\": {}}]"}}, {"model": "admin.logentry", "pk": 80, "fields": {"action_time": "2021-01-15T09:52:28.138", "user": 1, "content_type": 11, "object_id": "35", "object_repr": "Rating object (35)", "action_flag": 1, "change_message": "[{\"added\": {}}]"}}, {"model": "admin.logentry", "pk": 81, "fields": {"action_time": "2021-01-15T09:53:47.003", "user": 1, "content_type": 8, "object_id": "28", "object_repr": "Fastrack Men Black Analogue Watch : Display: Analogue\r\nMovement: Quartz\r\nPower source: Battery\r\nDial style: Printed round stainless steel dial\r\nFeatures: Reset Time\r\nStrap style: Steel Toned bracelet ", "action_flag": 3, "change_message": ""}}, {"model": "admin.logentry", "pk": 82, "fields": {"action_time": "2021-01-15T09:55:47.655", "user": 1, "content_type": 8, "object_id": "31", "object_repr": "pTron Unisex Bassbuds Wireless Headphone : Features\r\nEffortlessly manage audio playback & calls with the multi-function button panel and microphone on each earbud. The earbuds can even be used alone l", "action_flag": 1, "change_message": "[{\"added\": {}}]"}}, {"model": "admin.logentry", "pk": 83, "fields": {"action_time": "2021-01-15T09:56:05.348", "user": 1, "content_type": 11, "object_id": "36", "object_repr": "Rating object (36)", "action_flag": 1, "change_message": "[{\"added\": {}}]"}}, {"model": "admin.logentry", "pk": 84, "fields": {"action_time": "2021-01-15T09:58:10.887", "user": 1, "content_type": 8, "object_id": "32", "object_repr": "Loocust Boys Red T-shir : This clothing set consists of t-shirt and pyjamas\r\nRed printed disney spiderman printed t-shirt, has a round neck, long sleeves\r\nGrey printed pyjamas, has a drawstring closur", "action_flag": 1, "change_message": "[{\"added\": {}}]"}}, {"model": "admin.logentry", "pk": 85, "fields": {"action_time": "2021-01-15T09:58:30.328", "user": 1, "content_type": 11, "object_id": "37", "object_repr": "Rating object (37)", "action_flag": 1, "change_message": "[{\"added\": {}}]"}}, {"model": "admin.logentry", "pk": 86, "fields": {"action_time": "2021-07-10T15:41:45.227", "user": 1, "content_type": 6, "object_id": "11", "object_repr": "pmemail@dummy.com", "action_flag": 2, "change_message": "[{\"changed\": {\"fields\": [\"is_staff\"]}}]"}}, {"model": "admin.logentry", "pk": 87, "fields": {"action_time": "2021-07-10T15:41:54.604", "user": 1, "content_type": 6, "object_id": "11", "object_repr": "pmemail@dummy.com", "action_flag": 2, "change_message": "[{\"changed\": {\"fields\": [\"is_active\", \"is_staff\"]}}]"}}, {"model": "admin.logentry", "pk": 88, "fields": {"action_time": "2021-07-10T18:22:59.908", "user": 1, "content_type": 6, "object_id": "12", "object_repr": "newcheck@dummy.com", "action_flag": 2, "change_message": "[{\"changed\": {\"fields\": [\"is_active\"]}}]"}}, {"model": "admin.logentry", "pk": 89, "fields": {"action_time": "2021-07-10T18:30:42.788", "user": 1, "content_type": 6, "object_id": "13", "object_repr": "newcheck2@dummy.com", "action_flag": 2, "change_message": "[{\"changed\": {\"fields\": [\"is_active\"]}}]"}}, {"model": "admin.logentry", "pk": 90, "fields": {"action_time": "2021-07-10T18:30:42.834", "user": 1, "content_type": 6, "object_id": "13", "object_repr": "newcheck2@dummy.com", "action_flag": 2, "change_message": "[]"}}]